{ "RegionList": [ { "regionName": "draft_units", "center": { "X": 10.982224464416504, "Y": -3.814697265625E-06, "Z": 22.463428497314453 }, "sizeX": 10, "sizeY": 5 }, { "regionName": "draft_player1", "center": { "X": 10.997835159301758, "Y": 0, "Z": 16.005542755126953 }, "sizeX": 10, "sizeY": 8 }, { "regionName": "draft_player2", "center": { "X": 11.015346527099609, "Y": 3.814697265625E-06, "Z": 28.977338790893555 }, "sizeX": 10, "sizeY": 8 } ] }